{"sizes": [1, 2, 4, 8, 16, 32, 64, 128, 256, 512, 1024, 2048, 4096, 8192, 16384, 32768, 65536, 131072, 262144, 524288, 1048576, 2097152, 4194304, 8388608, 16777216, 33554432, 67108864, 134217728, 268435456, 536870912, 1073741824, 2147483648, 4294967296, 8589934592, 17179869184, 34359738368, 68719476736, 137438953472, 274877906944, 549755813888, 1099511627776, 2199023255552, 4398046511104, 8796093022208, 17592186044416, 35184372088832, 70368744177664, 140737488355328, 281474976710656, 562949953421312], "cutoff_index": 14, "cutoff_sizes": 16384, "preparation": [0, 0, 0, 0, 0.001261734962463379, 0.00012142658233642578, 0.00019447803497314454, 0.00029773712158203124, 0.0006778955459594727, 0.0010861873626708985, 0.0050384759902954105, 0.008638143539428711, 0.017918968200683595, 0.043199467658996585, 0.12779417037963867, 0, 0, 0, 0, 0, 0, 0, 0, 0, 0, 0, 0, 0, 0, 0, 0, 0, 0, 0, 0, 0, 0, 0, 0, 0, 0, 0, 0, 0, 0, 0, 0, 0, 0, 0], "computation": [0, 0, 0, 0, 6.840229034423828e-05, 5.1021575927734375e-05, 6.46352767944336e-05, 0.00011849403381347656, 0.000278925895690918, 0.0005986213684082032, 0.0027719736099243164, 0.014368391036987305, 0.08243801593780517, 0.5422089099884033, 5.022014904022217, 0, 0, 0, 0, 0, 0, 0, 0, 0, 0, 0, 0, 0, 0, 0, 0, 0, 0, 0, 0, 0, 0, 0, 0, 0, 0, 0, 0, 0, 0, 0, 0, 0, 0, 0]}