{"sizes": [1, 2, 4, 8, 16, 32, 64, 128, 256, 512, 1024, 2048, 4096, 8192, 16384, 32768, 65536, 131072, 262144, 524288, 1048576, 2097152, 4194304, 8388608, 16777216, 33554432, 67108864, 134217728, 268435456, 536870912, 1073741824, 2147483648, 4294967296, 8589934592, 17179869184, 34359738368, 68719476736, 137438953472, 274877906944, 549755813888, 1099511627776, 2199023255552, 4398046511104, 8796093022208, 17592186044416, 35184372088832, 70368744177664, 140737488355328, 281474976710656, 562949953421312], "cutoff_index": 14, "cutoff_sizes": 16384, "preparation": [0, 0, 0, 0, 0.2181288480758667, 2.2912025451660155e-05, 2.040863037109375e-05, 2.064704895019531e-05, 2.0933151245117187e-05, 2.2792816162109374e-05, 2.1243095397949217e-05, 4.2891502380371095e-05, 3.218650817871094e-05, 3.554821014404297e-05, 4.1437149047851565e-05, 0, 0, 0, 0, 0, 0, 0, 0, 0, 0, 0, 0, 0, 0, 0, 0, 0, 0, 0, 0, 0, 0, 0, 0, 0, 0, 0, 0, 0, 0, 0, 0, 0, 0, 0], "computation": [0, 0, 0, 0, 0.0027270078659057616, 0.00011005401611328126, 0.0001613616943359375, 0.00026752948760986326, 0.0012768983840942382, 0.001480412483215332, 0.0034288883209228514, 0.007235980033874512, 0.019704151153564452, 0.08453552722930908, 0.5266223430633545, 0, 0, 0, 0, 0, 0, 0, 0, 0, 0, 0, 0, 0, 0, 0, 0, 0, 0, 0, 0, 0, 0, 0, 0, 0, 0, 0, 0, 0, 0, 0, 0, 0, 0, 0]}