{"sizes": [1, 2, 4, 8, 16, 32, 64, 128, 256, 512, 1024, 2048, 4096, 8192, 16384, 32768, 65536, 131072, 262144, 524288, 1048576, 2097152, 4194304, 8388608, 16777216, 33554432, 67108864, 134217728, 268435456, 536870912, 1073741824, 2147483648, 4294967296, 8589934592, 17179869184, 34359738368, 68719476736, 137438953472, 274877906944, 549755813888, 1099511627776, 2199023255552, 4398046511104, 8796093022208, 17592186044416, 35184372088832, 70368744177664, 140737488355328, 281474976710656, 562949953421312], "cutoff_index": 14, "cutoff_sizes": 16384, "preparation": [0, 0, 0, 0, 5.145072937011719e-05, 1.0156631469726563e-05, 2.1886825561523437e-05, 7.8582763671875e-05, 0.00027844905853271487, 0.0015143871307373047, 0.004932880401611328, 0.01944272518157959, 0.08834633827209473, 0.3480945825576782, 1.4120722532272338, 0, 0, 0, 0, 0, 0, 0, 0, 0, 0, 0, 0, 0, 0, 0, 0, 0, 0, 0, 0, 0, 0, 0, 0, 0, 0, 0, 0, 0, 0, 0, 0, 0, 0, 0], "computation": [0, 0, 0, 0, 0.0018055438995361328, 0.00013275146484375, 5.328655242919922e-05, 9.260177612304687e-05, 0.00035860538482666013, 0.0007424354553222656, 0.0031799554824829103, 0.021255898475646972, 0.09940319061279297, 0.7135629177093505, 5.702957820892334, 0, 0, 0, 0, 0, 0, 0, 0, 0, 0, 0, 0, 0, 0, 0, 0, 0, 0, 0, 0, 0, 0, 0, 0, 0, 0, 0, 0, 0, 0, 0, 0, 0, 0, 0]}