{"sizes": [1, 2, 4, 8, 16, 32, 64, 128, 256, 512, 1024, 2048, 4096, 8192, 16384, 32768, 65536, 131072, 262144, 524288, 1048576, 2097152, 4194304, 8388608, 16777216, 33554432, 67108864, 134217728, 268435456, 536870912, 1073741824, 2147483648, 4294967296, 8589934592, 17179869184, 34359738368, 68719476736, 137438953472, 274877906944, 549755813888, 1099511627776, 2199023255552, 4398046511104, 8796093022208, 17592186044416, 35184372088832, 70368744177664, 140737488355328, 281474976710656, 562949953421312], "cutoff_index": 14, "cutoff_sizes": 16384, "preparation": [0, 0, 0, 0, 0.228310227394104, 0.00016121864318847657, 0.0001900196075439453, 0.00025212764739990234, 0.00044798851013183594, 0.000671839714050293, 0.003429675102233887, 0.0047521829605102536, 0.009368228912353515, 0.019207262992858888, 0.04114506244659424, 0, 0, 0, 0, 0, 0, 0, 0, 0, 0, 0, 0, 0, 0, 0, 0, 0, 0, 0, 0, 0, 0, 0, 0, 0, 0, 0, 0, 0, 0, 0, 0, 0, 0, 0], "computation": [0, 0, 0, 0, 0.0023202419281005858, 0.00010540485382080079, 0.00015659332275390624, 0.0002457857131958008, 0.0011368513107299805, 0.0012933731079101563, 0.003216123580932617, 0.006856489181518555, 0.017824459075927734, 0.07262260913848877, 0.4105116605758667, 0, 0, 0, 0, 0, 0, 0, 0, 0, 0, 0, 0, 0, 0, 0, 0, 0, 0, 0, 0, 0, 0, 0, 0, 0, 0, 0, 0, 0, 0, 0, 0, 0, 0, 0]}