{"sizes": [1, 2, 4, 8, 16, 32, 64, 128, 256, 512, 1024, 2048, 4096, 8192, 16384, 32768, 65536, 131072, 262144, 524288, 1048576, 2097152, 4194304, 8388608, 16777216, 33554432, 67108864, 134217728, 268435456, 536870912, 1073741824, 2147483648, 4294967296, 8589934592, 17179869184, 34359738368, 68719476736, 137438953472, 274877906944, 549755813888, 1099511627776, 2199023255552, 4398046511104, 8796093022208, 17592186044416, 35184372088832, 70368744177664, 140737488355328, 281474976710656, 562949953421312], "cutoff_index": 9, "cutoff_sizes": 512, "preparation": [0, 0, 0, 0, 8.726119995117188e-06, 9.560585021972657e-06, 2.543926239013672e-05, 5.364418029785156e-05, 0.00014982223510742187, 0.0003125429153442383, 0, 0, 0, 0, 0, 0, 0, 0, 0, 0, 0, 0, 0, 0, 0, 0, 0, 0, 0, 0, 0, 0, 0, 0, 0, 0, 0, 0, 0, 0, 0, 0, 0, 0, 0, 0, 0, 0, 0, 0], "computation_while": [0, 0, 0, 0, 0.0006620645523071289, 0.0006512165069580078, 0.005355739593505859, 0.030063152313232422, 0.31399428844451904, 2.9857593536376954, 0, 0, 0, 0, 0, 0, 0, 0, 0, 0, 0, 0, 0, 0, 0, 0, 0, 0, 0, 0, 0, 0, 0, 0, 0, 0, 0, 0, 0, 0, 0, 0, 0, 0, 0, 0, 0, 0, 0, 0], "computation_after": [0, 0, 0, 0, 8.518695831298828e-05, 0.0001747608184814453, 0.0006186246871948242, 0.0027410507202148436, 0.013792920112609863, 0.02895326614379883, 0, 0, 0, 0, 0, 0, 0, 0, 0, 0, 0, 0, 0, 0, 0, 0, 0, 0, 0, 0, 0, 0, 0, 0, 0, 0, 0, 0, 0, 0, 0, 0, 0, 0, 0, 0, 0, 0, 0, 0]}