{"sizes": [1, 2, 4, 8, 16, 32, 64, 128, 256, 512, 1024, 2048, 4096, 8192, 16384, 32768, 65536, 131072, 262144, 524288, 1048576, 2097152, 4194304, 8388608, 16777216, 33554432, 67108864, 134217728, 268435456, 536870912, 1073741824, 2147483648, 4294967296, 8589934592, 17179869184, 34359738368, 68719476736, 137438953472, 274877906944, 549755813888, 1099511627776, 2199023255552, 4398046511104, 8796093022208, 17592186044416, 35184372088832, 70368744177664, 140737488355328, 281474976710656, 562949953421312], "cutoff_index": 10, "cutoff_sizes": 1024, "preparation": [0, 0, 0, 0, 0.22146344184875488, 0.00016207695007324218, 0.00020406246185302734, 0.0002756834030151367, 0.0004929542541503906, 0.0007623434066772461, 0.0036660432815551758, 0, 0, 0, 0, 0, 0, 0, 0, 0, 0, 0, 0, 0, 0, 0, 0, 0, 0, 0, 0, 0, 0, 0, 0, 0, 0, 0, 0, 0, 0, 0, 0, 0, 0, 0, 0, 0, 0, 0], "computation_while": [0, 0, 0, 0, 0.017582035064697264, 0.030773520469665527, 0.154016375541687, 0.4918829917907715, 2.014871883392334, 7.30183687210083, 34.59753091335297, 0, 0, 0, 0, 0, 0, 0, 0, 0, 0, 0, 0, 0, 0, 0, 0, 0, 0, 0, 0, 0, 0, 0, 0, 0, 0, 0, 0, 0, 0, 0, 0, 0, 0, 0, 0, 0, 0, 0], "computation_after": [0, 0, 0, 0, 0.0026454925537109375, 0.004809069633483887, 0.015717172622680665, 0.03440258502960205, 0.08627469539642334, 0.18788182735443115, 0.47081196308135986, 0, 0, 0, 0, 0, 0, 0, 0, 0, 0, 0, 0, 0, 0, 0, 0, 0, 0, 0, 0, 0, 0, 0, 0, 0, 0, 0, 0, 0, 0, 0, 0, 0, 0, 0, 0, 0, 0, 0]}