{"sizes": [1, 2, 4, 8, 16, 32, 64, 128, 256, 512, 1024, 2048, 4096, 8192, 16384, 32768, 65536, 131072, 262144, 524288, 1048576, 2097152, 4194304, 8388608, 16777216, 33554432, 67108864, 134217728, 268435456, 536870912, 1073741824, 2147483648, 4294967296, 8589934592, 17179869184, 34359738368, 68719476736, 137438953472, 274877906944, 549755813888, 1099511627776, 2199023255552, 4398046511104, 8796093022208, 17592186044416, 35184372088832, 70368744177664, 140737488355328, 281474976710656, 562949953421312], "cutoff_index": 10, "cutoff_sizes": 1024, "preparation": [0, 0, 0, 0, 0.2213348627090454, 2.110004425048828e-05, 2.1243095397949217e-05, 2.1195411682128908e-05, 2.1457672119140625e-05, 2.226829528808594e-05, 2.3031234741210936e-05, 0, 0, 0, 0, 0, 0, 0, 0, 0, 0, 0, 0, 0, 0, 0, 0, 0, 0, 0, 0, 0, 0, 0, 0, 0, 0, 0, 0, 0, 0, 0, 0, 0, 0, 0, 0, 0, 0, 0], "computation_while": [0, 0, 0, 0, 0.02027256488800049, 0.045306158065795896, 0.14995603561401366, 0.5257796287536621, 1.9161147356033326, 7.745200514793396, 34.419816851615906, 0, 0, 0, 0, 0, 0, 0, 0, 0, 0, 0, 0, 0, 0, 0, 0, 0, 0, 0, 0, 0, 0, 0, 0, 0, 0, 0, 0, 0, 0, 0, 0, 0, 0, 0, 0, 0, 0, 0], "computation_after": [0, 0, 0, 0, 0.002570700645446777, 0.0062983036041259766, 0.015222501754760743, 0.03527159690856933, 0.08206450939178467, 0.18854570388793945, 0.47742090225219724, 0, 0, 0, 0, 0, 0, 0, 0, 0, 0, 0, 0, 0, 0, 0, 0, 0, 0, 0, 0, 0, 0, 0, 0, 0, 0, 0, 0, 0, 0, 0, 0, 0, 0, 0, 0, 0, 0, 0]}