{"sizes": [1, 2, 4, 8, 16, 32, 64, 128, 256, 512, 1024, 2048, 4096, 8192, 16384, 32768, 65536, 131072, 262144, 524288, 1048576, 2097152, 4194304, 8388608, 16777216, 33554432, 67108864, 134217728, 268435456, 536870912, 1073741824, 2147483648, 4294967296, 8589934592, 17179869184, 34359738368, 68719476736, 137438953472, 274877906944, 549755813888, 1099511627776, 2199023255552, 4398046511104, 8796093022208, 17592186044416, 35184372088832, 70368744177664, 140737488355328, 281474976710656, 562949953421312], "cutoff_index": 10, "cutoff_sizes": 1024, "preparation": [0, 0, 0, 0, 0.00020792484283447266, 0.00013108253479003905, 0.00016720294952392577, 0.00024402141571044922, 0.0005157470703125, 0.000808548927307129, 0.004033732414245606, 0, 0, 0, 0, 0, 0, 0, 0, 0, 0, 0, 0, 0, 0, 0, 0, 0, 0, 0, 0, 0, 0, 0, 0, 0, 0, 0, 0, 0, 0, 0, 0, 0, 0, 0, 0, 0, 0, 0], "computation_while": [0, 0, 0, 0, 0.003917050361633301, 0.00864267349243164, 0.05066030025482178, 0.18433220386505128, 0.845206904411316, 3.9366557121276857, 41.187101173400876, 0, 0, 0, 0, 0, 0, 0, 0, 0, 0, 0, 0, 0, 0, 0, 0, 0, 0, 0, 0, 0, 0, 0, 0, 0, 0, 0, 0, 0, 0, 0, 0, 0, 0, 0, 0, 0, 0, 0], "computation_after": [0, 0, 0, 0, 0.00023996829986572266, 0.00045564174652099607, 0.0015532016754150391, 0.004200530052185058, 0.013082456588745118, 0.038845181465148926, 0.18814189434051515, 0, 0, 0, 0, 0, 0, 0, 0, 0, 0, 0, 0, 0, 0, 0, 0, 0, 0, 0, 0, 0, 0, 0, 0, 0, 0, 0, 0, 0, 0, 0, 0, 0, 0, 0, 0, 0, 0, 0]}