{"sizes": [1, 2, 4, 8, 16, 32, 64, 128, 256, 512, 1024, 2048, 4096, 8192, 16384, 32768, 65536, 131072, 262144, 524288, 1048576, 2097152, 4194304, 8388608, 16777216, 33554432, 67108864, 134217728, 268435456, 536870912, 1073741824, 2147483648, 4294967296, 8589934592, 17179869184, 34359738368, 68719476736, 137438953472, 274877906944, 549755813888, 1099511627776, 2199023255552, 4398046511104, 8796093022208, 17592186044416, 35184372088832, 70368744177664, 140737488355328, 281474976710656, 562949953421312], "cutoff_index": 18, "cutoff_sizes": 262144, "preparation": [0, 0, 0, 0, 0.000200653076171875, 0.00018591880798339843, 0.0002431631088256836, 0.0003398895263671875, 0.0005934476852416992, 0.0009814262390136718, 0.0023456096649169924, 0.004479503631591797, 0.009469747543334961, 0.020768189430236818, 0.04386053085327148, 0.09165356159210206, 0.1965489864349365, 0.443634033203125, 0.8948554277420044, 0, 0, 0, 0, 0, 0, 0, 0, 0, 0, 0, 0, 0, 0, 0, 0, 0, 0, 0, 0, 0, 0, 0, 0, 0, 0, 0, 0, 0, 0, 0], "computation": [0, 0, 0, 0, 9.10043716430664e-05, 8.559226989746094e-05, 0.00011758804321289062, 0.00018405914306640625, 0.00041015148162841796, 0.0007171630859375, 0.0015566587448120118, 0.003311777114868164, 0.008238554000854492, 0.017789316177368165, 0.05053071975708008, 0.11479923725128174, 0.3051626682281494, 0.814583134651184, 2.6454312801361084, 0, 0, 0, 0, 0, 0, 0, 0, 0, 0, 0, 0, 0, 0, 0, 0, 0, 0, 0, 0, 0, 0, 0, 0, 0, 0, 0, 0, 0, 0, 0]}