{"sizes": [1, 2, 4, 8, 16, 32, 64, 128, 256, 512, 1024, 2048, 4096, 8192, 16384, 32768, 65536, 131072, 262144, 524288, 1048576, 2097152, 4194304, 8388608, 16777216, 33554432, 67108864, 134217728, 268435456, 536870912, 1073741824, 2147483648, 4294967296, 8589934592, 17179869184, 34359738368, 68719476736, 137438953472, 274877906944, 549755813888, 1099511627776, 2199023255552, 4398046511104, 8796093022208, 17592186044416, 35184372088832, 70368744177664, 140737488355328, 281474976710656, 562949953421312], "cutoff_index": 13, "cutoff_sizes": 8192, "preparation": [0, 0, 0, 0, 0.0006271839141845703, 0.0006426095962524414, 0.0008376121520996093, 0.0016802310943603515, 0.006485676765441895, 0.024155569076538087, 0.09742462635040283, 0.40707199573516845, 1.8180922269821167, 8.036393928527833, 0, 0, 0, 0, 0, 0, 0, 0, 0, 0, 0, 0, 0, 0, 0, 0, 0, 0, 0, 0, 0, 0, 0, 0, 0, 0, 0, 0, 0, 0, 0, 0, 0, 0, 0, 0], "computation": [0, 0, 0, 0, 4.503726959228516e-05, 8.356571197509766e-05, 0.00016047954559326172, 0.0004173994064331055, 0.0029516696929931642, 0.013440847396850586, 0.06934340000152588, 0.4145435571670532, 2.908052158355713, 22.888505244255064, 0, 0, 0, 0, 0, 0, 0, 0, 0, 0, 0, 0, 0, 0, 0, 0, 0, 0, 0, 0, 0, 0, 0, 0, 0, 0, 0, 0, 0, 0, 0, 0, 0, 0, 0, 0]}