{"sizes": [1, 2, 4, 8, 16, 32, 64, 128, 256, 512, 1024, 2048, 4096, 8192, 16384, 32768, 65536, 131072, 262144, 524288, 1048576, 2097152, 4194304, 8388608, 16777216, 33554432, 67108864, 134217728, 268435456, 536870912, 1073741824, 2147483648, 4294967296, 8589934592, 17179869184, 34359738368, 68719476736, 137438953472, 274877906944, 549755813888, 1099511627776, 2199023255552, 4398046511104, 8796093022208, 17592186044416, 35184372088832, 70368744177664, 140737488355328, 281474976710656, 562949953421312], "cutoff_index": 14, "cutoff_sizes": 16384, "preparation": [0, 0, 0, 0, 9.298324584960938e-06, 1.0776519775390626e-05, 2.4962425231933594e-05, 4.9567222595214845e-05, 0.00012586116790771484, 0.00034413337707519533, 0.0009849786758422852, 0.0028458118438720705, 0.008005571365356446, 0.01671576499938965, 0.035295844078063965, 0, 0, 0, 0, 0, 0, 0, 0, 0, 0, 0, 0, 0, 0, 0, 0, 0, 0, 0, 0, 0, 0, 0, 0, 0, 0, 0, 0, 0, 0, 0, 0, 0, 0, 0], "computation": [0, 0, 0, 0, 0.00032625198364257815, 2.6798248291015626e-05, 3.345012664794922e-05, 8.864402770996094e-05, 0.00040884017944335936, 0.0008907794952392578, 0.010013961791992187, 0.04367976188659668, 0.21536586284637452, 1.158455991744995, 9.641373443603516, 0, 0, 0, 0, 0, 0, 0, 0, 0, 0, 0, 0, 0, 0, 0, 0, 0, 0, 0, 0, 0, 0, 0, 0, 0, 0, 0, 0, 0, 0, 0, 0, 0, 0, 0]}