{"sizes": [1, 2, 4, 8, 16, 32, 64, 128, 256, 512, 1024, 2048, 4096, 8192, 16384, 32768, 65536, 131072, 262144, 524288, 1048576, 2097152, 4194304, 8388608, 16777216, 33554432, 67108864, 134217728, 268435456, 536870912, 1073741824, 2147483648, 4294967296, 8589934592, 17179869184, 34359738368, 68719476736, 137438953472, 274877906944, 549755813888, 1099511627776, 2199023255552, 4398046511104, 8796093022208, 17592186044416, 35184372088832, 70368744177664, 140737488355328, 281474976710656, 562949953421312], "cutoff_index": 13, "cutoff_sizes": 8192, "preparation": [0, 0, 0, 0, 0.0006201982498168946, 0.0001180410385131836, 0.0004049539566040039, 0.0015720844268798829, 0.0023808717727661134, 0.004866838455200195, 0.02111175060272217, 0.07717392444610596, 0.2798516511917114, 1.1064860582351685, 0, 0, 0, 0, 0, 0, 0, 0, 0, 0, 0, 0, 0, 0, 0, 0, 0, 0, 0, 0, 0, 0, 0, 0, 0, 0, 0, 0, 0, 0, 0, 0, 0, 0, 0, 0], "computation": [0, 0, 0, 0, 0.005347895622253418, 0.0002357959747314453, 0.00018849372863769532, 0.0004853487014770508, 0.0006875991821289062, 0.001436138153076172, 0.011563658714294434, 0.07010807991027831, 0.2678756475448608, 1.5632579326629639, 0, 0, 0, 0, 0, 0, 0, 0, 0, 0, 0, 0, 0, 0, 0, 0, 0, 0, 0, 0, 0, 0, 0, 0, 0, 0, 0, 0, 0, 0, 0, 0, 0, 0, 0, 0]}